,close,open,high,low,volume
2025-12-15 00:00:00,21500.0,21500.0,21501.12056402906,21496.80292188901,606
2025-12-15 00:10:00,21493.38215245158,21500.0,21505.509081377055,21490.482500071197,671
2025-12-15 00:20:00,21490.212929837806,21493.38215245158,21501.65114704663,21480.610995475257,983
2025-12-15 00:30:00,21488.074300741613,21490.212929837806,21491.960217021973,21485.123277732666,942
2025-12-15 00:40:00,21475.12677600868,21488.074300741613,21493.25172710843,21466.748424930636,221
2025-12-15 00:50:00,21487.880206754075,21475.12677600868,21491.517473928616,21470.18658219442,578
2025-12-15 01:00:00,21496.466216485744,21487.880206754075,21497.995983810586,21487.47859431086,718
2025-12-15 01:10:00,21497.165277026743,21496.466216485744,21506.50143109549,21495.994006864064,195
2025-12-15 01:20:00,21500.859499099795,21497.165277026743,21512.84535612506,21489.989822828597,958
2025-12-15 01:30:00,21485.882345573966,21500.859499099795,21507.899418326346,21479.155939571483,513
2025-12-15 01:40:00,21484.674073207014,21485.882345573966,21490.124288509964,21478.49781961791,334
2025-12-15 01:50:00,21498.329678295853,21484.674073207014,21502.762988232498,21478.014853377692,997
2025-12-15 02:00:00,21509.45550165591,21498.329678295853,21514.354442075182,21496.180722845158,161
2025-12-15 02:10:00,21515.66664550883,21509.45550165591,21518.054927660047,21507.40831878179,355
2025-12-15 02:20:00,21519.405107718136,21515.66664550883,21527.31780991394,21512.518985346207,660
2025-12-15 02:30:00,21529.92168588417,21519.405107718136,21530.657995367423,21513.21459172059,447
2025-12-15 02:40:00,21532.10340813168,21529.92168588417,21541.64696081945,21522.602436316636,770
2025-12-15 02:50:00,21523.50436097136,21532.10340813168,21535.293437436016,21523.264796118146,223
2025-12-15 03:00:00,21528.457074236085,21523.50436097136,21533.05426992601,21518.98203260565,581
2025-12-15 03:10:00,21536.966142351896,21528.457074236085,21539.058543520954,21521.80396232936,416
2025-12-15 03:20:00,21551.511370871474,21536.966142351896,21562.051250373966,21531.29929419952,603
2025-12-15 03:30:00,21545.823079922135,21551.511370871474,21556.99279949247,21543.634764068636,818
2025-12-15 03:40:00,21550.956196265615,21545.823079922135,21560.148440374796,21541.048512422563,147
2025-12-15 03:50:00,21556.742859003563,21550.956196265615,21560.00596923798,21545.76513108466,508
2025-12-15 04:00:00,21554.592065369266,21556.742859003563,21563.158743003303,21549.17441914333,235
2025-12-15 04:10:00,21565.42013920178,21554.592065369266,21574.03859938879,21548.440150711627,300
2025-12-15 04:20:00,21578.590466533733,21565.42013920178,21582.738641101085,21559.2165625528,349
2025-12-15 04:30:00,21583.718130137142,21578.590466533733,21590.21704144052,21577.479594291526,413
2025-12-15 04:40:00,21607.870910880913,21583.718130137142,21616.319170065704,21579.620842195225,968
2025-12-15 04:50:00,21613.283823789458,21607.870910880913,21617.45785411894,21600.616782919686,467
2025-12-15 05:00:00,21617.93071507581,21613.283823789458,21625.172210748588,21610.386318826055,528
2025-12-15 05:10:00,21622.594981392987,21617.93071507581,21630.003686247426,21614.61205953028,929
2025-12-15 05:20:00,21624.78651621474,21622.594981392987,21635.245235354836,21620.079563336785,906
2025-12-15 05:30:00,21629.272243889303,21624.78651621474,21634.99067627442,21622.13256912546,579
2025-12-15 05:40:00,21626.996285715042,21629.272243889303,21640.94033077671,21625.709748547302,413
2025-12-15 05:50:00,21634.895918484013,21626.996285715042,21641.469006725772,21624.201016958476,599
2025-12-15 06:00:00,21645.018975816773,21634.895918484013,21648.95665289243,21628.53530498278,820
2025-12-15 06:10:00,21636.647325976017,21645.018975816773,21653.692729129652,21626.777136289118,454
2025-12-15 06:20:00,21645.946048550602,21636.647325976017,21646.335204670522,21630.844072302923,584
2025-12-15 06:30:00,21656.616942881195,21645.946048550602,21665.995423691347,21645.890115734317,310
2025-12-15 06:40:00,21671.282846094728,21656.616942881195,21677.225996576894,21651.623194273456,803
2025-12-15 06:50:00,21691.68026803883,21671.282846094728,21697.923893481966,21668.59975817071,143
2025-12-15 07:00:00,21709.458289601534,21691.68026803883,21710.151433116895,21690.94094876329,640
2025-12-15 07:10:00,21715.665026620816,21709.458289601534,21723.594178481202,21701.146142192083,670
2025-12-15 07:20:00,21721.141367686185,21715.665026620816,21727.049423733173,21712.267471669882,682
2025-12-15 07:30:00,21737.33848608207,21721.141367686185,21737.46934840167,21714.45133129867,191
2025-12-15 07:40:00,21744.710151035782,21737.33848608207,21746.407813187274,21734.47238195635,364
2025-12-15 07:50:00,21746.81974318334,21744.710151035782,21750.060050944652,21740.302756712874,994
2025-12-15 08:00:00,21777.92624863662,21746.81974318334,21780.649127294993,21741.719366870362,319
2025-12-15 08:10:00,21787.728328044195,21777.92624863662,21790.862873142676,21770.822129442102,541
2025-12-15 08:20:00,21795.173595140066,21787.728328044195,21803.26678388203,21782.40270001611,500
2025-12-15 08:30:00,21790.25861946225,21795.173595140066,21801.56147414621,21778.905051613372,499
2025-12-15 08:40:00,21809.85145653052,21790.25861946225,21811.333646759937,21788.95902376609,826
2025-12-15 08:50:00,21814.8840331728,21809.85145653052,21821.96902687513,21799.011828017974,998
2025-12-15 09:00:00,21828.19832988452,21814.8840331728,21832.416834198702,21804.703531646144,888
2025-12-15 09:10:00,21849.17668223823,21828.19832988452,21854.46598339461,21825.240991730636,675
2025-12-15 09:20:00,21854.76664425736,21849.17668223823,21856.79456709145,21842.28844148357,957
2025-12-15 09:30:00,21868.90401050455,21854.76664425736,21871.1591333012,21849.52281372906,903
2025-12-15 09:40:00,21894.72381222784,21868.90401050455,21904.474207303992,21864.824351683164,589
2025-12-15 09:50:00,21888.821882404507,21894.72381222784,21903.66584065177,21887.465512873685,584
2025-12-15 10:00:00,21896.206925814793,21888.821882404507,21899.605198510842,21888.04331448315,856
2025-12-15 10:10:00,21902.951177034003,21896.206925814793,21908.170167301923,21888.86669127564,569
2025-12-15 10:20:00,21915.542426398308,21902.951177034003,21920.767987661126,21894.270026854094,673
2025-12-15 10:30:00,21929.34685937106,21915.542426398308,21932.099321649173,21909.86639813724,943
2025-12-15 10:40:00,21935.138113431345,21929.34685937106,21938.555705460505,21923.26182961479,781
2025-12-15 10:50:00,21944.27336456678,21935.138113431345,21950.784572705415,21928.390925551394,544
2025-12-15 11:00:00,21952.540937584417,21944.27336456678,21954.32915456971,21941.94260287214,368
2025-12-15 11:10:00,21964.265350124806,21952.540937584417,21967.152487000232,21948.257579828016,366
2025-12-15 11:20:00,21980.613400110484,21964.265350124806,21985.874959323104,21957.141082759237,153
2025-12-15 11:30:00,22002.565882125982,21980.613400110484,22005.021586027964,21980.41645800359,627
2025-12-15 11:40:00,22025.736333053937,22002.565882125982,22037.203562543556,22000.96024118794,619
2025-12-15 11:50:00,22045.747153094446,22025.736333053937,22053.256124263433,22020.642532422193,715
2025-12-15 12:00:00,22053.585136581343,22045.747153094446,22059.33905350376,22040.751804611955,158
2025-12-15 12:10:00,22068.4306444416,22053.585136581343,22072.27611879576,22047.193219732573,924
2025-12-15 12:20:00,22102.333305120716,22068.4306444416,22106.017543501945,22059.93173619989,139
2025-12-15 12:30:00,22125.387779330278,22102.333305120716,22132.093102349045,22095.534522780872,336
2025-12-15 12:40:00,22136.82616765835,22125.387779330278,22140.30479847818,22121.096843541545,485
2025-12-15 12:50:00,22164.463125281694,22136.82616765835,22165.89938685577,22132.885215828526,705
2025-12-15 13:00:00,22176.351459222395,22164.463125281694,22178.241731473325,22155.52391973493,833
2025-12-15 13:10:00,22186.003369279417,22176.351459222395,22191.1549767262,22170.839967517273,815
2025-12-15 13:20:00,22212.168589464327,22186.003369279417,22216.493149882277,22180.410632513263,749
2025-12-15 13:30:00,22216.684999189856,22212.168589464327,22229.07963209743,22208.069010317504,399
2025-12-15 13:40:00,22216.35662469977,22216.684999189856,22219.733760085724,22209.767545301052,494
2025-12-15 13:50:00,22238.85099704404,22216.35662469977,22241.428152944845,22211.164754339035,306
2025-12-15 14:00:00,22254.012884345717,22238.85099704404,22257.897745635837,22236.827936842146,435
2025-12-15 14:10:00,22269.942456206987,22254.012884345717,22276.46572921792,22248.85091909038,692
2025-12-15 14:20:00,22281.926045648357,22269.942456206987,22282.33327237084,22266.882044770566,829
2025-12-15 14:30:00,22294.851445199358,22281.926045648357,22298.516258814936,22276.046237705956,613
2025-12-15 14:40:00,22305.97235365924,22294.851445199358,22311.82225191456,22292.23129088086,277
2025-12-15 14:50:00,22315.696724974267,22305.97235365924,22322.317063109316,22304.819849522602,495
2025-12-15 15:00:00,22327.314392297438,22315.696724974267,22329.414841219634,22309.44515358112,470
2025-12-15 15:10:00,22338.61449685007,22327.314392297438,22341.548496585183,22322.502363166044,957
2025-12-15 15:20:00,22346.52246361513,22338.61449685007,22349.83151653285,22334.84729031897,890
2025-12-15 15:30:00,22356.620854962763,22346.52246361513,22360.519182314896,22343.642733886783,757
2025-12-15 15:40:00,22350.97584803565,22356.620854962763,22362.52820410584,22347.85963349591,417
2025-12-15 15:50:00,22370.741628562166,22350.97584803565,22375.788688703553,22348.162043079774,835
2025-12-15 16:00:00,22388.058156029343,22370.741628562166,22388.45526015019,22363.004322814388,468
2025-12-15 16:10:00,22401.473567474655,22388.058156029343,22407.97214842994,22376.19210982295,483
2025-12-15 16:20:00,22417.361387763067,22401.473567474655,22419.229469243073,22397.10044893665,161
2025-12-15 16:30:00,22433.428179799997,22417.361387763067,22438.04265735743,22409.39327944822,905
2025-12-15 16:40:00,22441.397734756392,22433.428179799997,22444.876411073994,22431.941305362525,604
2025-12-15 16:50:00,22450.776553741012,22441.397734756392,22459.399981666396,22437.347684844175,338
2025-12-15 17:00:00,22468.514984490896,22450.776553741012,22476.150915020073,22443.489958538637,294
2025-12-15 17:10:00,22483.55394213647,22468.514984490896,22488.464270714765,22464.037925606,777
2025-12-15 17:20:00,22513.14111631617,22483.55394213647,22516.966421897177,22478.59952152278,321
2025-12-15 17:30:00,22539.195008252278,22513.14111631617,22546.78430893079,22510.530436859346,160
2025-12-15 17:40:00,22559.607245875115,22539.195008252278,22564.933782765744,22537.550902536874,228
2025-12-15 17:50:00,22566.307473772587,22559.607245875115,22568.32515507346,22554.70006286658,784
2025-12-15 18:00:00,22574.42597422098,22566.307473772587,22575.30644824586,22555.125797922738,255
2025-12-15 18:10:00,22578.880352343633,22574.42597422098,22580.301172478903,22569.54623975895,477
2025-12-15 18:20:00,22593.419970356248,22578.880352343633,22601.9246235217,22576.469068359886,721
2025-12-15 18:30:00,22583.619777657863,22593.419970356248,22595.328061324883,22579.954614938237,880
2025-12-15 18:40:00,22591.89930552586,22583.619777657863,22594.274844385633,22581.790657132085,967
2025-12-15 18:50:00,22601.210313207554,22591.89930552586,22607.06498288527,22586.27802393916,889
2025-12-15 19:00:00,22600.592278872493,22601.210313207554,22609.63729257117,22598.954745969055,685
2025-12-15 19:10:00,22618.357380011836,22600.592278872493,22618.559970552495,22596.812448121633,536
2025-12-15 19:20:00,22620.42982436577,22618.357380011836,22625.16479638874,22610.593331202876,306
2025-12-15 19:30:00,22633.555237351848,22620.42982436577,22642.786941366863,22611.786386964046,487
2025-12-15 19:40:00,22666.602428635797,22633.555237351848,22672.432059636474,22626.156739591333,579
2025-12-15 19:50:00,22664.28054524271,22666.602428635797,22669.68094833149,22658.775359665284,890
2025-12-15 20:00:00,22673.443258756008,22664.28054524271,22674.869388338146,22659.092489052047,986
2025-12-15 20:10:00,22680.315525363196,22673.443258756008,22685.58146545539,22663.276872938954,937
2025-12-15 20:20:00,22685.408493951214,22680.315525363196,22689.721545366745,22675.045396850237,439
2025-12-15 20:30:00,22701.17202768331,22685.408493951214,22706.882911930446,22681.77295489888,968
2025-12-15 20:40:00,22719.473119971877,22701.17202768331,22722.065641772242,22692.27559370877,439
2025-12-15 20:50:00,22734.861839033376,22719.473119971877,22736.919086704496,22718.45687418694,303
2025-12-15 21:00:00,22738.052208535326,22734.861839033376,22745.093004673214,22726.388394507303,260
2025-12-15 21:10:00,22766.257952905406,22738.052208535326,22769.903723932603,22734.360368998274,639
2025-12-15 21:20:00,22760.585350855403,22766.257952905406,22772.105583483724,22757.708908885634,491
2025-12-15 21:30:00,22760.564649849537,22760.585350855403,22763.240213293568,22752.92587208558,868
2025-12-15 21:40:00,22769.910507737997,22760.564649849537,22776.731901040348,22751.631173190584,776
2025-12-15 21:50:00,22778.358179668485,22769.910507737997,22779.60041263139,22766.41789519873,674
2025-12-15 22:00:00,22789.736456939692,22778.358179668485,22795.5799956265,22776.135042217807,633
2025-12-15 22:10:00,22809.589868925123,22789.736456939692,22816.514931236587,22781.062575678014,169
2025-12-15 22:20:00,22815.578930544154,22809.589868925123,22818.82885662747,22804.47409310444,992
2025-12-15 22:30:00,22823.169385893987,22815.578930544154,22832.53624196423,22805.181115819098,504
2025-12-15 22:40:00,22824.8239556757,22823.169385893987,22832.06135942888,22816.389098374406,707
2025-12-15 22:50:00,22835.668796368464,22824.8239556757,22838.10758676441,22818.746327474328,774
2025-12-15 23:00:00,22838.984239966736,22835.668796368464,22845.65470248906,22831.299906844146,690
2025-12-15 23:10:00,22842.017769389582,22838.984239966736,22845.233440625914,22837.828132987168,616
2025-12-15 23:20:00,22851.67209979281,22842.017769389582,22851.885289057962,22841.17411884962,927
2025-12-15 23:30:00,22864.976289461792,22851.67209979281,22871.714617180394,22846.22900181713,219
2025-12-15 23:40:00,22852.052606511657,22864.976289461792,22868.524856067168,22848.04697540483,913
2025-12-15 23:50:00,22859.394454178648,22852.052606511657,22865.02586580324,22847.546295724682,789
2025-12-16 00:00:00,22861.401116516477,22859.394454178648,22862.379456976465,22851.655453517826,787
2025-12-16 00:10:00,22872.861342262684,22861.401116516477,22878.773720774694,22855.603421077038,316
2025-12-16 00:20:00,22874.449101392296,22872.861342262684,22881.961789502373,22870.302278330862,155
2025-12-16 00:30:00,22888.154275040968,22874.449101392296,22896.795469354147,22869.869229948123,465
2025-12-16 00:40:00,22885.74642064792,22888.154275040968,22895.82007168196,22878.54307354746,798
2025-12-16 00:50:00,22870.612725405328,22885.74642064792,22887.63001516391,22864.104024190587,603
2025-12-16 01:00:00,22881.438824455214,22870.612725405328,22887.417648467755,22865.521790432846,843
2025-12-16 01:10:00,22876.807264878145,22881.438824455214,22886.155709205108,22872.0649446273,866
2025-12-16 01:20:00,22865.98464820966,22876.807264878145,22884.24533315508,22859.250916668283,554
2025-12-16 01:30:00,22867.63434535356,22865.98464820966,22872.725781904355,22865.46045664907,203
2025-12-16 01:40:00,22866.94344830172,22867.63434535356,22874.11767559581,22859.77260744419,176
2025-12-16 01:50:00,22874.45159386913,22866.94344830172,22886.35282412547,22858.717149112406,329
2025-12-16 02:00:00,22882.21459036415,22874.45159386913,22882.912119527897,22869.216305672075,357
2025-12-16 02:10:00,22883.303418567157,22882.21459036415,22893.73754365315,22875.343943793447,363
2025-12-16 02:20:00,22876.24878082556,22883.303418567157,22889.289375048276,22868.548094848815,430
2025-12-16 02:30:00,22878.26821631136,22876.24878082556,22881.401081726388,22869.81451083568,281
2025-12-16 02:40:00,22879.013802784746,22878.26821631136,22883.26239866777,22873.327086768793,992
2025-12-16 02:50:00,22882.68968402909,22879.013802784746,22890.175047576176,22876.793942092223,867
2025-12-16 03:00:00,22874.51632481707,22882.68968402909,22891.553631450497,22870.784760700324,649
2025-12-16 03:10:00,22869.83961292555,22874.51632481707,22880.298313316518,22869.041136806372,787
2025-12-16 03:20:00,22872.142675017858,22869.83961292555,22879.302186890473,22860.50010111771,126
2025-12-16 03:30:00,22880.051803450646,22872.142675017858,22883.50787880299,22870.473345177386,375
2025-12-16 03:40:00,22885.412994102175,22880.051803450646,22891.246943296403,22870.68737151567,751
2025-12-16 03:50:00,22883.407496698783,22885.412994102175,22886.063424405733,22881.726421242467,398
2025-12-16 04:00:00,22876.55171391339,22883.407496698783,22887.04492802385,22874.012745386983,898
2025-12-16 04:10:00,22876.532152177017,22876.55171391339,22879.100157513563,22875.249790294027,190
2025-12-16 04:20:00,22864.258698868216,22876.532152177017,22883.299323019233,22858.24253735961,579
2025-12-16 04:30:00,22853.88957082373,22864.258698868216,22864.35524646763,22844.51798354386,672
2025-12-16 04:40:00,22861.84537126856,22853.88957082373,22871.88864821335,22851.14228747307,557
2025-12-16 04:50:00,22860.6516724227,22861.84537126856,22870.34501704149,22857.370665837672,550
2025-12-16 05:00:00,22853.17564316597,22860.6516724227,22866.195021953332,22850.682929571034,464
2025-12-16 05:10:00,22854.828974819342,22853.17564316597,22866.47172938973,22849.06369484796,958
2025-12-16 05:20:00,22859.863026114792,22854.828974819342,22865.24237318326,22851.892786981734,774
2025-12-16 05:30:00,22850.76431127066,22859.863026114792,22870.446972906502,22840.104467332392,450
2025-12-16 05:40:00,22841.52578396194,22850.76431127066,22860.65709881445,22833.656462916897,754
2025-12-16 05:50:00,22831.010032242997,22841.52578396194,22844.65141532114,22823.52648195511,499
2025-12-16 06:00:00,22832.353365250467,22831.010032242997,22837.332236853694,22822.072806377768,352
2025-12-16 06:10:00,22833.504018181207,22832.353365250467,22841.851724341304,22829.301161984695,880
2025-12-16 06:20:00,22837.685756029103,22833.504018181207,22845.529233437614,22826.457914831077,980
2025-12-16 06:30:00,22838.584170935865,22837.685756029103,22841.904859524606,22830.282946110216,902
2025-12-16 06:40:00,22818.093965706685,22838.584170935865,22842.288783569944,22815.75209306968,558
2025-12-16 06:50:00,22812.650140663693,22818.093965706685,22820.564183893803,22808.05586935059,798
2025-12-16 07:00:00,22796.23551532729,22812.650140663693,22819.090319403953,22795.331901393867,598
2025-12-16 07:10:00,22783.931834621482,22796.23551532729,22801.80505883593,22777.201560422902,607
2025-12-16 07:20:00,22776.846678988626,22783.931834621482,22794.51725197249,22775.0767494963,403
2025-12-16 07:30:00,22774.835129209496,22776.846678988626,22780.797842428292,22769.050140291405,600
2025-12-16 07:40:00,22758.76962411277,22774.835129209496,22783.27735720007,22754.682295756287,902
2025-12-16 07:50:00,22730.99399845701,22758.76962411277,22767.365548228743,22730.181911507578,697
2025-12-16 08:00:00,22723.024937845265,22730.99399845701,22732.233953877643,22716.979004812263,265
2025-12-16 08:10:00,22734.528529381645,22723.024937845265,22735.296055887382,22721.548349425564,514
2025-12-16 08:20:00,22723.032962572714,22734.528529381645,22737.945198788908,22715.718645596968,561
2025-12-16 08:30:00,22713.31162206716,22723.032962572714,22723.720857096636,22707.800726980673,213
2025-12-16 08:40:00,22717.252438627693,22713.31162206716,22725.35133046915,22708.896457692448,532
2025-12-16 08:50:00,22711.442441249226,22717.252438627693,22721.145947938916,22705.23712740155,455
2025-12-16 09:00:00,22702.43364600823,22711.442441249226,22715.86610809106,22693.262146664507,794
2025-12-16 09:10:00,22695.019703918148,22702.43364600823,22704.099406971825,22690.174636383643,306
2025-12-16 09:20:00,22685.867968294573,22695.019703918148,22700.63676304303,22682.003330450112,867
2025-12-16 09:30:00,22665.3978954397,22685.867968294573,22689.481816283445,22660.880610163847,334
2025-12-16 09:40:00,22643.12048706584,22665.3978954397,22673.098426400436,22635.78615950746,541
2025-12-16 09:50:00,22646.480073354433,22643.12048706584,22652.544408800943,22641.41407414089,454
2025-12-16 10:00:00,22636.03160392331,22646.480073354433,22652.666001741807,22632.751917387937,614
2025-12-16 10:10:00,22624.7331012352,22636.03160392331,22642.092052641157,22619.368586200995,307
2025-12-16 10:20:00,22611.737123256782,22624.7331012352,22626.80397542135,22609.414490774852,808
2025-12-16 10:30:00,22605.541571793543,22611.737123256782,22617.80219062005,22601.204911079407,952
2025-12-16 10:40:00,22613.24195955419,22605.541571793543,22615.72111526222,22603.310062362725,224
2025-12-16 10:50:00,22604.66447987702,22613.24195955419,22617.330467010233,22594.960165492867,237
2025-12-16 11:00:00,22587.035831761845,22604.66447987702,22608.086245780385,22582.07789037662,438
2025-12-16 11:10:00,22572.89498831251,22587.035831761845,22592.340764624914,22571.288067486985,636
2025-12-16 11:20:00,22568.244869662725,22572.89498831251,22573.18348576404,22566.324791866933,167
2025-12-16 11:30:00,22550.22520772269,22568.244869662725,22573.986101796145,22544.963214548945,672
2025-12-16 11:40:00,22543.552098489654,22550.22520772269,22557.332427430145,22538.261848804777,640
2025-12-16 11:50:00,22511.36669058858,22543.552098489654,22548.223450615245,22508.178727413357,482
2025-12-16 12:00:00,22495.785164965768,22511.36669058858,22519.02051095817,22493.54270538193,118
2025-12-16 12:10:00,22486.950312692767,22495.785164965768,22497.45396641388,22480.249146140603,782
2025-12-16 12:20:00,22483.139405159076,22486.950312692767,22487.950840760805,22470.895032163102,549
2025-12-16 12:30:00,22462.51334856946,22483.139405159076,22488.379385300752,22456.469630220487,173
2025-12-16 12:40:00,22436.312245745594,22462.51334856946,22465.08808909589,22432.258040278317,672
2025-12-16 12:50:00,22419.952333318117,22436.312245745594,22440.031974394948,22416.577838281122,764
2025-12-16 13:00:00,22396.5856111444,22419.952333318117,22426.851218572647,22392.934339259078,375
2025-12-16 13:10:00,22380.946353851967,22396.5856111444,22404.638114831654,22367.95680680161,147
2025-12-16 13:20:00,22366.368347002415,22380.946353851967,22385.05973013153,22360.911400461686,310
2025-12-16 13:30:00,22341.218401892424,22366.368347002415,22372.50679317391,22330.783887454643,954
2025-12-16 13:40:00,22332.99096300833,22341.218401892424,22345.970458537307,22330.478013767308,750
2025-12-16 13:50:00,22317.009998065045,22332.99096300833,22334.191941491456,22312.183949907343,721
2025-12-16 14:00:00,22310.876010294527,22317.009998065045,22320.664857407883,22299.84598242663,794
2025-12-16 14:10:00,22281.29059959307,22310.876010294527,22321.18559755656,22279.39371807684,639
2025-12-16 14:20:00,22258.284321662923,22281.29059959307,22284.158319282422,22253.06301133926,808
2025-12-16 14:30:00,22247.512311077604,22258.284321662923,22267.476000930597,22242.34127166849,290
2025-12-16 14:40:00,22226.18339891507,22247.512311077604,22250.57058916364,22221.360044344776,414
2025-12-16 14:50:00,22209.9063977252,22226.18339891507,22229.29794432338,22203.09896609688,662
2025-12-16 15:00:00,22194.93257049755,22209.9063977252,22212.779296590208,22191.46387865483,760
2025-12-16 15:10:00,22181.206485502767,22194.93257049755,22203.418371937918,22178.511580344708,879
2025-12-16 15:20:00,22160.787106937434,22181.206485502767,22181.868101405085,22155.502125683364,661
2025-12-16 15:30:00,22146.981833900263,22160.787106937434,22164.70568672482,22140.447587397473,999
2025-12-16 15:40:00,22125.727201658177,22146.981833900263,22152.934249704456,22120.822957142107,857
2025-12-16 15:50:00,22116.138443265798,22125.727201658177,22130.544071381766,22113.346018613767,212
2025-12-16 16:00:00,22100.253962426523,22116.138443265798,22121.38848447878,22092.610108082223,269
2025-12-16 16:10:00,22086.55178628275,22100.253962426523,22102.333622202324,22081.567978411837,567
2025-12-16 16:20:00,22092.197968207034,22086.55178628275,22100.31313447424,22080.035514003102,777
2025-12-16 16:30:00,22068.463101210567,22092.197968207034,22101.126386896085,22065.16752820007,113
2025-12-16 16:40:00,22064.734880450975,22068.463101210567,22068.955406555753,22059.132925039106,814
2025-12-16 16:50:00,22028.670277684156,22064.734880450975,22070.822592896053,22019.565011820738,387
2025-12-16 17:00:00,21997.30647525544,22028.670277684156,22037.234714888276,21990.6962443864,288
2025-12-16 17:10:00,21972.70346268482,21997.30647525544,22004.60264589795,21968.27892705944,254
2025-12-16 17:20:00,21948.67011201483,21972.70346268482,21974.046118850863,21943.316948362684,666
2025-12-16 17:30:00,21935.757215908132,21948.67011201483,21956.61783240571,21928.788133298647,793
2025-12-16 17:40:00,21923.609873595957,21935.757215908132,21943.25863792561,21919.893140657096,821
2025-12-16 17:50:00,21907.18743932903,21923.609873595957,21927.813233081903,21900.737162864687,987
2025-12-16 18:00:00,21891.692521134424,21907.18743932903,21910.547917145504,21888.23967234422,570
2025-12-16 18:10:00,21881.71243258799,21891.692521134424,21897.586467843557,21874.42971835852,174
2025-12-16 18:20:00,21874.275385494973,21881.71243258799,21886.113846568,21872.764953878133,376
2025-12-16 18:30:00,21849.66524471924,21874.275385494973,21877.067973749843,21844.05422846456,744
2025-12-16 18:40:00,21832.88289671446,21849.66524471924,21855.239807610837,21827.159182301493,442
2025-12-16 18:50:00,21818.555121011115,21832.88289671446,21839.446782586245,21813.537689335488,524
2025-12-16 19:00:00,21808.788263217673,21818.555121011115,21824.350289145637,21803.92334368616,670
2025-12-16 19:10:00,21789.08467123999,21808.788263217673,21817.23446366646,21779.787645146338,610
2025-12-16 19:20:00,21774.981186643818,21789.08467123999,21790.51763739285,21770.746942470123,956
2025-12-16 19:30:00,21761.969235884233,21774.981186643818,21780.07936011844,21757.769980020275,281
2025-12-16 19:40:00,21743.22485112762,21761.969235884233,21772.348003658226,21737.55298529335,557
2025-12-16 19:50:00,21724.43814518076,21743.22485112762,21745.808735646468,21717.648818162077,950
2025-12-16 20:00:00,21712.42154973734,21724.43814518076,21730.251068797297,21706.50897097868,932
2025-12-16 20:10:00,21698.730972441597,21712.42154973734,21722.845178213738,21692.678616914334,163
2025-12-16 20:20:00,21690.250780963604,21698.730972441597,21702.819987869974,21689.384951684675,938
2025-12-16 20:30:00,21669.509497497776,21690.250780963604,21694.754583909173,21660.591587745796,359
2025-12-16 20:40:00,21654.562555428045,21669.509497497776,21674.235990139106,21652.84240573249,292
2025-12-16 20:50:00,21640.76591745694,21654.562555428045,21658.06746825147,21632.787851840203,754
2025-12-16 21:00:00,21635.4972844556,21640.76591745694,21647.403368980627,21633.01692714513,715
2025-12-16 21:10:00,21616.382506945716,21635.4972844556,21638.8014301264,21612.614632923025,505
2025-12-16 21:20:00,21606.860969058984,21616.382506945716,21619.394365630127,21605.771947455763,825
2025-12-16 21:30:00,21597.68153192627,21606.860969058984,21614.151742360842,21588.910352056206,853
2025-12-16 21:40:00,21599.852981852775,21597.68153192627,21600.29763502088,21588.949973128514,820
2025-12-16 21:50:00,21581.002691846017,21599.852981852775,21604.543912248584,21572.327294801515,192
2025-12-16 22:00:00,21565.16172041752,21581.002691846017,21586.116543154887,21559.755086641046,529
2025-12-16 22:10:00,21547.294473385777,21565.16172041752,21571.279024358468,21544.66467236118,753
2025-12-16 22:20:00,21523.786688967255,21547.294473385777,21555.87849581876,21522.15083088148,533
2025-12-16 22:30:00,21527.97754361646,21523.786688967255,21531.77134338291,21517.213894934324,503
2025-12-16 22:40:00,21508.34577368502,21527.97754361646,21531.449957895005,21501.013179962578,533
2025-12-16 22:50:00,21492.3463308445,21508.34577368502,21517.473372204575,21484.308692841336,211
2025-12-16 23:00:00,21493.638011332005,21492.3463308445,21494.446357273042,21486.96878993564,474
2025-12-16 23:10:00,21470.61694502459,21493.638011332005,21501.724059164095,21469.567191565056,158
2025-12-16 23:20:00,21467.913387657845,21470.61694502459,21477.787776786277,21460.911005312926,142
2025-12-16 23:30:00,21448.100164616175,21467.913387657845,21469.27711798203,21440.597466618954,306
2025-12-16 23:40:00,21449.81343936945,21448.100164616175,21455.631532750038,21441.14901925001,879
2025-12-16 23:50:00,21424.446183877248,21449.81343936945,21451.914502212152,21418.995775528132,395
2025-12-17 00:00:00,21402.66544688128,21424.446183877248,21424.560819539645,21400.83447325868,217
2025-12-17 00:10:00,21390.811440754856,21402.66544688128,21408.087932160863,21382.509647934574,631
2025-12-17 00:20:00,21391.352745200064,21390.811440754856,21397.11155564286,21386.001778946687,321
2025-12-17 00:30:00,21384.136046503765,21391.352745200064,21395.790142839898,21381.963742678094,265
2025-12-17 00:40:00,21374.74832513459,21384.136046503765,21388.47046379238,21368.483271729798,742
2025-12-17 00:50:00,21379.084390624306,21374.74832513459,21382.778723925905,21367.496564573084,255
2025-12-17 01:00:00,21390.166304207352,21379.084390624306,21395.754229308946,21373.133452370985,283
2025-12-17 01:10:00,21389.65910912279,21390.166304207352,21397.832292468007,21386.239375420755,189
2025-12-17 01:20:00,21379.068123125526,21389.65910912279,21396.63725088135,21375.22755327728,193
2025-12-17 01:30:00,21370.39417545363,21379.068123125526,21385.086666576983,21367.33148950554,112
2025-12-17 01:40:00,21355.0392710387,21370.39417545363,21372.662063984437,21349.763676801755,933
2025-12-17 01:50:00,21351.08198192565,21355.0392710387,21355.694871194763,21346.970784256177,904
2025-12-17 02:00:00,21333.566811900437,21351.08198192565,21351.262850908824,21326.229109797496,841
2025-12-17 02:10:00,21333.79048866993,21333.566811900437,21341.940820458254,21331.1586655647,933
2025-12-17 02:20:00,21345.932718663593,21333.79048866993,21352.217657551013,21326.093081528867,903
2025-12-17 02:30:00,21348.061519924922,21345.932718663593,21355.768927592428,21340.289366161676,537
2025-12-17 02:40:00,21340.988282505186,21348.061519924922,21355.26443395161,21337.93627644095,637
2025-12-17 02:50:00,21342.1769298449,21340.988282505186,21347.42629724187,21337.389592725558,686
2025-12-17 03:00:00,21352.408759842147,21342.1769298449,21355.207395920792,21337.068739670493,975
2025-12-17 03:10:00,21362.535786696008,21352.408759842147,21368.57837782448,21343.918233538283,910
2025-12-17 03:20:00,21352.365275410724,21362.535786696008,21368.331253277905,21345.43948380584,249
2025-12-17 03:30:00,21354.604536600786,21352.365275410724,21361.564386120535,21339.30267231363,759
2025-12-17 03:40:00,21351.794690199196,21354.604536600786,21355.034633810603,21348.858491799707,107
2025-12-17 03:50:00,21357.00109514024,21351.794690199196,21366.423263297704,21347.850729423757,128
2025-12-17 04:00:00,21359.122857687074,21357.00109514024,21366.78026709988,21351.311066568953,395
2025-12-17 04:10:00,21339.517508133067,21359.122857687074,21370.4384648907,21337.856671414258,820
2025-12-17 04:20:00,21336.385654992806,21339.517508133067,21348.182909790623,21326.13691107699,739
2025-12-17 04:30:00,21337.92634236908,21336.385654992806,21339.883085737576,21329.037044262062,439
2025-12-17 04:40:00,21326.703631139077,21337.92634236908,21340.029848411592,21321.61314642147,727
2025-12-17 04:50:00,21331.903902879392,21326.703631139077,21336.134139088845,21324.495369334378,538
2025-12-17 05:00:00,21320.563542930184,21331.903902879392,21338.17660565853,21315.133525427365,243
2025-12-17 05:10:00,21315.327118165234,21320.563542930184,21330.0007798504,21308.493687201284,929
2025-12-17 05:20:00,21327.507566347307,21315.327118165234,21339.380218119542,21310.005991019,846
2025-12-17 05:30:00,21322.18558210915,21327.507566347307,21332.1909761913,21317.7386520613,618
2025-12-17 05:40:00,21328.823141831886,21322.18558210915,21332.50437569879,21320.56232936,144
2025-12-17 05:50:00,21317.137143811764,21328.823141831886,21333.16255795086,21315.933579632456,338
2025-12-17 06:00:00,21336.4260834576,21317.137143811764,21342.78218349136,21315.857324689176,254
2025-12-17 06:10:00,21336.92285207621,21336.4260834576,21339.239854206946,21333.4343140421,280
2025-12-17 06:20:00,21340.91221835311,21336.92285207621,21345.29741323967,21331.902247311395,314
2025-12-17 06:30:00,21345.863623964724,21340.91221835311,21354.117062713944,21337.644808633635,187
2025-12-17 06:40:00,21354.534173938922,21345.863623964724,21360.97461234759,21332.671022265054,355
2025-12-17 06:50:00,21346.480128999687,21354.534173938922,21360.66622604721,21342.021598366482,610
2025-12-17 07:00:00,21350.82457231944,21346.480128999687,21353.487117363657,21342.063123635948,172
2025-12-17 07:10:00,21350.227542165892,21350.82457231944,21353.165911288612,21344.421557885842,278
2025-12-17 07:20:00,21341.668320990346,21350.227542165892,21355.538174581812,21340.181663327592,311
2025-12-17 07:30:00,21354.80466857628,21341.668320990346,21359.74899455898,21333.439882052426,904
2025-12-17 07:40:00,21357.506692366067,21354.80466857628,21361.30935680946,21351.763358893513,333
2025-12-17 07:50:00,21365.244093413763,21357.506692366067,21366.110991094414,21356.932716241194,564
2025-12-17 08:00:00,21372.755605572835,21365.244093413763,21380.249653374023,21360.7885284025,850
2025-12-17 08:10:00,21376.422618350967,21372.755605572835,21383.738683036976,21363.161634339096,322
2025-12-17 08:20:00,21398.83921203728,21376.422618350967,21406.60295509201,21373.049735315282,730
2025-12-17 08:30:00,21405.345367111913,21398.83921203728,21410.779970105887,21395.683530632752,924
2025-12-17 08:40:00,21400.031164687432,21405.345367111913,21408.220501724107,21394.002719200224,363
2025-12-17 08:50:00,21404.239814073044,21400.031164687432,21406.74293242369,21398.403709830167,306
2025-12-17 09:00:00,21415.90873486988,21404.239814073044,21418.2442911827,21400.160457519105,706
2025-12-17 09:10:00,21428.096766843988,21415.90873486988,21437.660962337482,21412.381547219495,984
2025-12-17 09:20:00,21427.574870921497,21428.096766843988,21434.632539117076,21423.079795623384,833
2025-12-17 09:30:00,21443.440890968766,21427.574870921497,21452.120106400376,21419.103581765106,465
2025-12-17 09:40:00,21438.01455200362,21443.440890968766,21451.969416284486,21437.812601415368,375
2025-12-17 09:50:00,21456.087196044788,21438.01455200362,21461.707368186522,21430.737736203253,479
2025-12-17 10:00:00,21454.69137360029,21456.087196044788,21462.231811732556,21447.781584622826,842
2025-12-17 10:10:00,21462.276107303045,21454.69137360029,21467.4511603159,21451.92572622047,408
2025-12-17 10:20:00,21480.419329215383,21462.276107303045,21480.51062137034,21459.21281558899,730
2025-12-17 10:30:00,21491.230973547263,21480.419329215383,21504.265303168177,21476.876282743655,367
2025-12-17 10:40:00,21507.843545374213,21491.230973547263,21508.721716052485,21484.033025465076,884
2025-12-17 10:50:00,21523.09197798251,21507.843545374213,21530.658358008557,21498.981572203757,163
2025-12-17 11:00:00,21543.89729754828,21523.09197798251,21550.3102330594,21515.55517343911,909
2025-12-17 11:10:00,21563.12197481398,21543.89729754828,21573.64262621851,21541.133718024466,449
2025-12-17 11:20:00,21570.42655594758,21563.12197481398,21572.59500383131,21561.40573443264,593
2025-12-17 11:30:00,21586.627788094866,21570.42655594758,21590.830479335382,21561.126288688105,622
2025-12-17 11:40:00,21585.75178082214,21586.627788094866,21593.211993198103,21579.28570496401,197
2025-12-17 11:50:00,21596.819123316312,21585.75178082214,21597.277047102307,21582.83134130385,170
2025-12-17 12:00:00,21615.087144999354,21596.819123316312,21615.59411789794,21588.305385948348,463
2025-12-17 12:10:00,21628.06294419106,21615.087144999354,21637.81988366972,21607.748444817633,669
2025-12-17 12:20:00,21643.72119230429,21628.06294419106,21645.76083416707,21618.616876710214,901
2025-12-17 12:30:00,21654.27542197003,21643.72119230429,21658.515657239954,21642.364570146547,862
2025-12-17 12:40:00,21675.73876055616,21654.27542197003,21677.845547792323,21650.565891876806,375
2025-12-17 12:50:00,21687.691619717225,21675.73876055616,21692.84035527868,21671.222793191115,149
2025-12-17 13:00:00,21696.724567567424,21687.691619717225,21697.48656231291,21679.05167048967,457
2025-12-17 13:10:00,21716.72851768646,21696.724567567424,21721.27669992815,21693.865829136237,827
2025-12-17 13:20:00,21718.54914608291,21716.72851768646,21726.880053168858,21715.27873625126,663
2025-12-17 13:30:00,21735.764192974348,21718.54914608291,21735.877522423623,21709.731683743114,882
2025-12-17 13:40:00,21740.770683955783,21735.764192974348,21751.444847504434,21732.1504810303,584
2025-12-17 13:50:00,21764.474720026865,21740.770683955783,21769.336810003115,21739.210678099345,183
2025-12-17 14:00:00,21775.995982831148,21764.474720026865,21781.012460481877,21760.90183581806,998
2025-12-17 14:10:00,21790.808757210172,21775.995982831148,21795.502371890067,21769.768207668356,904
2025-12-17 14:20:00,21807.96013980246,21790.808757210172,21809.66570336837,21786.89419122787,737
2025-12-17 14:30:00,21806.485865114657,21807.96013980246,21808.371484067797,21802.550826966995,907
2025-12-17 14:40:00,21815.351186033822,21806.485865114657,21820.07088382107,21800.798917839475,683
2025-12-17 14:50:00,21837.870722716387,21815.351186033822,21843.589452337477,21807.63941778161,395
2025-12-17 15:00:00,21859.07951379586,21837.870722716387,21859.46051423804,21837.329553806238,335
2025-12-17 15:10:00,21875.700237324825,21859.07951379586,21882.287111134003,21857.962629964844,155
2025-12-17 15:20:00,21879.34504724399,21875.700237324825,21884.894947880304,21874.241116143596,459
2025-12-17 15:30:00,21898.54787001133,21879.34504724399,21908.266313934084,21873.593690020807,209
2025-12-17 15:40:00,21918.8463310789,21898.54787001133,21923.18886301976,21889.864707379915,291
2025-12-17 15:50:00,21933.88036608408,21918.8463310789,21935.690160064365,21916.466559981163,192
2025-12-17 16:00:00,21958.384400979776,21933.88036608408,21959.60003647881,21931.475483763126,961
2025-12-17 16:10:00,21967.690496669806,21958.384400979776,21972.87384349791,21951.902545363795,667
2025-12-17 16:20:00,21978.43415955796,21967.690496669806,21986.318424614063,21967.216324529105,159
2025-12-17 16:30:00,21973.42283511874,21978.43415955796,21982.91857059857,21971.747328712314,749
2025-12-17 16:40:00,21995.684122049624,21973.42283511874,22000.06826077516,21961.42034437836,138
2025-12-17 16:50:00,22013.128822395283,21995.684122049624,22019.004407681285,21987.98572713618,639
2025-12-17 17:00:00,22014.633228897572,22013.128822395283,22025.515302714055,22004.74674766576,148
2025-12-17 17:10:00,22015.542587078235,22014.633228897572,22019.198843639173,22013.46072515728,519
2025-12-17 17:20:00,22023.552882256783,22015.542587078235,22028.46244944822,22012.24570443089,736
2025-12-17 17:30:00,22044.900679670845,22023.552882256783,22045.32711581099,22017.830107264916,112
2025-12-17 17:40:00,22057.497524111484,22044.900679670845,22063.295183005663,22034.593329570056,135
2025-12-17 17:50:00,22066.054151899334,22057.497524111484,22069.968862692822,22051.657159944574,200
2025-12-17 18:00:00,22072.989344882262,22066.054151899334,22075.992888638193,22058.434643607252,893
2025-12-17 18:10:00,22079.549372905432,22072.989344882262,22084.175519516863,22071.507119708822,185
2025-12-17 18:20:00,22079.024487010654,22079.549372905432,22084.508957440437,22072.85291831796,615
2025-12-17 18:30:00,22084.281100082906,22079.024487010654,22090.046920245146,22070.886796864168,322
2025-12-17 18:40:00,22090.597528269234,22084.281100082906,22091.253359153114,22081.809327852952,437
2025-12-17 18:50:00,22110.89888786024,22090.597528269234,22117.818249855627,22087.773335203117,265
2025-12-17 19:00:00,22124.366862058414,22110.89888786024,22130.088275806404,22108.639652118003,482
2025-12-17 19:10:00,22132.50340955541,22124.366862058414,22145.65124927235,22120.176017653084,955
2025-12-17 19:20:00,22165.66398916364,22132.50340955541,22174.245857943606,22128.51410303216,994
2025-12-17 19:30:00,22174.971309820834,22165.66398916364,22181.215405407027,22156.188230224605,475
2025-12-17 19:40:00,22198.85648029858,22174.971309820834,22207.353898356203,22170.584674759888,570
2025-12-17 19:50:00,22226.29772797578,22198.85648029858,22230.8919649996,22190.845780618027,889
2025-12-17 20:00:00,22228.128667782912,22226.29772797578,22240.128400995767,22220.720879952583,741
2025-12-17 20:10:00,22243.02348124026,22228.128667782912,22253.894672161885,22223.85291101417,130
2025-12-17 20:20:00,22253.093087960926,22243.02348124026,22260.948969051457,22234.720013953516,474
2025-12-17 20:30:00,22262.41265113865,22253.093087960926,22266.182769627092,22250.334322198833,110
2025-12-17 20:40:00,22280.86206225037,22262.41265113865,22289.298229816013,22259.00732195038,401
2025-12-17 20:50:00,22289.775330711436,22280.86206225037,22292.09228097341,22277.913940755767,195
2025-12-17 21:00:00,22299.58808832077,22289.775330711436,22302.981248305492,22282.20547939756,289
2025-12-17 21:10:00,22311.902444662952,22299.58808832077,22318.44757268278,22292.441113586494,552
2025-12-17 21:20:00,22322.447828022283,22311.902444662952,22328.711967455576,22308.683965149692,291
2025-12-17 21:30:00,22326.459733021118,22322.447828022283,22333.551041588842,22313.900466542465,585
2025-12-17 21:40:00,22346.089980855428,22326.459733021118,22352.843490503787,22320.11076530124,365
2025-12-17 21:50:00,22367.59844827813,22346.089980855428,22370.29728475842,22340.454529618506,523
2025-12-17 22:00:00,22383.319593115142,22367.59844827813,22385.858869126798,22362.670531852375,227
2025-12-17 22:10:00,22393.126155528287,22383.319593115142,22393.20535561061,22383.21726832412,337
2025-12-17 22:20:00,22400.14511333704,22393.126155528287,22404.5719702672,22389.77147454377,454
2025-12-17 22:30:00,22407.013392522407,22400.14511333704,22412.33375410283,22395.549419074385,211
2025-12-17 22:40:00,22438.201240391594,22407.013392522407,22443.291812753225,22400.187570195336,927
2025-12-17 22:50:00,22457.859449642798,22438.201240391594,22461.469642775814,22433.859571826528,545
2025-12-17 23:00:00,22463.115875703486,22457.859449642798,22472.480939371777,22452.850197262323,442
2025-12-17 23:10:00,22476.227778100038,22463.115875703486,22480.690146676163,22457.868337605516,244
2025-12-17 23:20:00,22484.93411319334,22476.227778100038,22489.45002007431,22473.356494978896,164
2025-12-17 23:30:00,22501.018784522374,22484.93411319334,22503.024695010834,22482.22440721379,346
2025-12-17 23:40:00,22516.58413313501,22501.018784522374,22524.20289069532,22497.90850028653,834
2025-12-17 23:50:00,22536.268966834366,22516.58413313501,22540.804193028856,22509.48192427961,589
2025-12-18 00:00:00,22540.27466607526,22536.268966834366,22544.439492562826,22529.368882889834,924
2025-12-18 00:10:00,22551.712569900403,22540.27466607526,22552.09019077311,22535.672216113886,538
2025-12-18 00:20:00,22548.109846115385,22551.712569900403,22556.949258190198,22543.04042994609,205
2025-12-18 00:30:00,22548.21825234284,22548.109846115385,22548.25949624932,22539.500508176094,280
2025-12-18 00:40:00,22565.235597486546,22548.21825234284,22567.671578651632,22542.21314096705,283
2025-12-18 00:50:00,22567.348097744096,22565.235597486546,22572.371990592037,22557.224468915112,325
2025-12-18 01:00:00,22570.1083430274,22567.348097744096,22581.670809515523,22566.219191197724,876
2025-12-18 01:10:00,22579.295384297817,22570.1083430274,22582.348642654,22564.541065545884,889
2025-12-18 01:20:00,22593.86878742756,22579.295384297817,22595.5527274749,22571.948836473948,188
2025-12-18 01:30:00,22594.155930954264,22593.86878742756,22601.686048820735,22587.190440199574,787
2025-12-18 01:40:00,22574.838151841792,22594.155930954264,22599.865676206893,22565.729025507884,629
2025-12-18 01:50:00,22576.15657968359,22574.838151841792,22577.689703238582,22569.642347255765,470
2025-12-18 02:00:00,22593.830028372384,22576.15657968359,22596.613619766194,22568.486830685895,498
2025-12-18 02:10:00,22604.348531869335,22593.830028372384,22604.848555362852,22588.91427996916,205
2025-12-18 02:20:00,22622.4548431465,22604.348531869335,22628.46055920771,22602.191008274254,370
2025-12-18 02:30:00,22620.654510589426,22622.4548431465,22625.576273049835,22615.60837364531,930
2025-12-18 02:40:00,22614.52951917931,22620.654510589426,22628.51979972775,22612.62812686507,602
2025-12-18 02:50:00,22624.953272504597,22614.52951917931,22627.377922683474,22606.152755866187,778
2025-12-18 03:00:00,22633.327316226787,22624.953272504597,22637.50839002703,22622.285889624134,624
2025-12-18 03:10:00,22641.953528068432,22633.327316226787,22649.139582460084,22629.791907218485,948
2025-12-18 03:20:00,22655.324721317695,22641.953528068432,22663.40698592371,22638.944689199372,131
2025-12-18 03:30:00,22664.3285008372,22655.324721317695,22668.849717151727,22647.48980632153,492
2025-12-18 03:40:00,22672.9245696857,22664.3285008372,22677.245787072177,22657.060340870965,139
2025-12-18 03:50:00,22683.714441494754,22672.9245696857,22688.517798674413,22661.9794942665,759
2025-12-18 04:00:00,22692.52024998749,22683.714441494754,22702.2265857998,22682.698730282056,317
2025-12-18 04:10:00,22703.881038086707,22692.52024998749,22710.447769130453,22689.969461945795,830
2025-12-18 04:20:00,22716.16337011241,22703.881038086707,22721.737890928787,22698.675926198775,181
2025-12-18 04:30:00,22732.342305121816,22716.16337011241,22734.176144070538,22707.987916481816,944
2025-12-18 04:40:00,22730.783888176575,22732.342305121816,22737.95221395252,22726.63793728359,819
2025-12-18 04:50:00,22737.971733747363,22730.783888176575,22741.657404274632,22725.364557267276,300
2025-12-18 05:00:00,22738.059393272695,22737.971733747363,22744.283168325237,22733.34666110644,546
2025-12-18 05:10:00,22734.146845553263,22738.059393272695,22741.556951985025,22729.096173404534,943
2025-12-18 05:20:00,22731.09102253518,22734.146845553263,22734.822399368433,22726.719380232127,527
2025-12-18 05:30:00,22737.214757430982,22731.09102253518,22738.001064659773,22730.340515440417,137
2025-12-18 05:40:00,22742.427594221874,22737.214757430982,22751.13295968772,22733.175033373816,310
2025-12-18 05:50:00,22747.199685704036,22742.427594221874,22751.00969922457,22735.98002207539,543
2025-12-18 06:00:00,22746.664123170205,22747.199685704036,22751.08791413482,22735.352704893823,426
2025-12-18 06:10:00,22747.662431183096,22746.664123170205,22751.84337190092,22740.568746934256,860
2025-12-18 06:20:00,22754.875897727256,22747.662431183096,22762.788721721387,22737.855671506277,326
2025-12-18 06:30:00,22743.33238463186,22754.875897727256,22757.64987932028,22739.586275143374,147
2025-12-18 06:40:00,22743.60119055814,22743.33238463186,22752.424966184022,22735.9021977197,117
2025-12-18 06:50:00,22744.09251797236,22743.60119055814,22752.318045779364,22742.707304188818,538
2025-12-18 07:00:00,22749.5907307702,22744.09251797236,22759.23473003197,22741.376740602216,906
2025-12-18 07:10:00,22737.960833817393,22749.5907307702,22755.167609704626,22733.40550245017,807
2025-12-18 07:20:00,22748.794636974602,22737.960833817393,22751.159188464957,22737.198441107656,286
2025-12-18 07:30:00,22749.077507305137,22748.794636974602,22749.309051655036,22743.43758175644,444
2025-12-18 07:40:00,22749.485642806045,22749.077507305137,22749.909685535345,22747.4789540904,323
2025-12-18 07:50:00,22744.252449847532,22749.485642806045,22753.831535171452,22741.336024346754,929
2025-12-18 08:00:00,22746.237636593847,22744.252449847532,22753.574575729977,22742.022785346213,587
2025-12-18 08:10:00,22744.006367277765,22746.237636593847,22751.00551941985,22738.961309597984,976
2025-12-18 08:20:00,22750.76845741181,22744.006367277765,22757.382642572356,22739.131409684935,948
2025-12-18 08:30:00,22736.033038175403,22750.76845741181,22761.82218130331,22730.384087530696,328
2025-12-18 08:40:00,22733.94152107292,22736.033038175403,22744.193875373134,22731.11190949953,489
2025-12-18 08:50:00,22733.422715935514,22733.94152107292,22739.30379149149,22723.780005650427,688
2025-12-18 09:00:00,22727.855327384448,22733.422715935514,22737.709630561447,22722.27862309186,287
2025-12-18 09:10:00,22720.253716439496,22727.855327384448,22735.79788773186,22717.48040500007,957
2025-12-18 09:20:00,22712.69964454247,22720.253716439496,22721.738397439454,22706.932923581335,369
2025-12-18 09:30:00,22709.162075828815,22712.69964454247,22720.665652050546,22708.216413123493,706
2025-12-18 09:40:00,22689.465426356408,22709.162075828815,22716.172735520646,22682.43452719439,409
2025-12-18 09:50:00,22691.688359106138,22689.465426356408,22693.508847883484,22687.274292253627,231
2025-12-18 10:00:00,22682.072107353055,22691.688359106138,22695.500872763943,22677.61097935376,650
2025-12-18 10:10:00,22677.043632249457,22682.072107353055,22684.842704558752,22674.434640660205,171
2025-12-18 10:20:00,22673.656274108213,22677.043632249457,22687.058080923005,22668.97895150379,892
2025-12-18 10:30:00,22662.854904727326,22673.656274108213,22676.571143127763,22657.978413158064,944
2025-12-18 10:40:00,22654.943559064704,22662.854904727326,22669.46617722651,22649.788679934572,771
2025-12-18 10:50:00,22631.53323173268,22654.943559064704,22659.32637629222,22628.483281738692,286
2025-12-18 11:00:00,22629.99929945105,22631.53323173268,22634.546839196275,22626.792724610506,585
2025-12-18 11:10:00,22630.98937084997,22629.99929945105,22637.005814652402,22627.981839728254,290
2025-12-18 11:20:00,22609.47444245768,22630.98937084997,22637.16917852038,22600.235458190797,521
2025-12-18 11:30:00,22598.06218278077,22609.47444245768,22615.45156453112,22594.170939367523,219
2025-12-18 11:40:00,22579.812838422804,22598.06218278077,22599.167802125605,22570.07851799907,319
2025-12-18 11:50:00,22569.733817893768,22579.812838422804,22581.30278547101,22562.18813179034,152
2025-12-18 12:00:00,22566.02256471305,22569.733817893768,22576.649371475552,22561.73287052194,833
2025-12-18 12:10:00,22564.78100616615,22566.02256471305,22570.233628301707,22564.273872344027,550
2025-12-18 12:20:00,22564.379771948174,22564.78100616615,22570.77120116859,22557.519992950987,511
2025-12-18 12:30:00,22565.25578311876,22564.379771948174,22566.988542770316,22559.847236371163,742
2025-12-18 12:40:00,22553.639704978264,22565.25578311876,22570.369368863787,22546.885987094414,336
2025-12-18 12:50:00,22534.402758128857,22553.639704978264,22558.651114206634,22534.28171619074,857
2025-12-18 13:00:00,22523.204280377147,22534.402758128857,22537.81294482047,22517.53040302098,837
2025-12-18 13:10:00,22517.772300081673,22523.204280377147,22530.728865403267,22514.625209909856,819
2025-12-18 13:20:00,22497.243935663897,22517.772300081673,22529.335249705324,22496.560516457386,505
2025-12-18 13:30:00,22499.606863236237,22497.243935663897,22502.91576271106,22492.493036474374,707
2025-12-18 13:40:00,22495.668288727884,22499.606863236237,22504.004615745576,22494.36471571733,521
2025-12-18 13:50:00,22482.69500232365,22495.668288727884,22502.01187397114,22476.581720169706,811
2025-12-18 14:00:00,22465.49273973391,22482.69500232365,22487.838886661593,22459.497208144134,346
2025-12-18 14:10:00,22448.43455181021,22465.49273973391,22469.221410499566,22448.286640660535,171
2025-12-18 14:20:00,22437.13773204911,22448.43455181021,22451.28463220005,22431.66656830488,929
2025-12-18 14:30:00,22423.231547588315,22437.13773204911,22442.625965293646,22418.10741043056,284
2025-12-18 14:40:00,22418.588940048685,22423.231547588315,22429.87767239227,22415.332378185034,105
2025-12-18 14:50:00,22403.427736385976,22418.588940048685,22423.668983220017,22396.711458050762,305
2025-12-18 15:00:00,22394.88855317344,22403.427736385976,22408.17306693047,22393.61852495866,643
2025-12-18 15:10:00,22381.913188852777,22394.88855317344,22397.004088064474,22374.42063187994,710
2025-12-18 15:20:00,22371.170908331038,22381.913188852777,22391.090605341604,22362.645059007566,486
2025-12-18 15:30:00,22356.280311013852,22371.170908331038,22376.867376180264,22354.8897088199,867
2025-12-18 15:40:00,22348.74659894427,22356.280311013852,22361.261256343532,22339.05983354842,798
2025-12-18 15:50:00,22341.191470618476,22348.74659894427,22355.60206408564,22336.81390318653,175
2025-12-18 16:00:00,22331.40077529018,22341.191470618476,22348.077346317,22330.20896091003,276
2025-12-18 16:10:00,22322.66147167717,22331.40077529018,22334.313761156638,22320.914045850237,926
2025-12-18 16:20:00,22301.383252117244,22322.66147167717,22329.070187132216,22294.240941618085,898
2025-12-18 16:30:00,22290.127586896324,22301.383252117244,22305.92177403565,22287.74637592654,448
2025-12-18 16:40:00,22286.1667441954,22290.127586896324,22295.06833961572,22282.62648386742,354
2025-12-18 16:50:00,22276.036279970776,22286.1667441954,22288.77823208132,22270.01929891485,936
2025-12-18 17:00:00,22253.62721976045,22276.036279970776,22278.76230330322,22253.32626895934,801
2025-12-18 17:10:00,22238.969813207437,22253.62721976045,22254.594876349358,22238.779594607884,407
2025-12-18 17:20:00,22227.620111470103,22238.969813207437,22244.712348957164,22222.168895155573,444
2025-12-18 17:30:00,22207.126878941403,22227.620111470103,22232.92167175363,22200.363683983964,226
2025-12-18 17:40:00,22181.74793524675,22207.126878941403,22215.702755509756,22178.524734839226,386
2025-12-18 17:50:00,22164.633445367184,22181.74793524675,22187.967367678466,22164.372291889402,865
2025-12-18 18:00:00,22144.053980448458,22164.633445367184,22173.769574605973,22142.788474163113,824
2025-12-18 18:10:00,22129.22562474634,22144.053980448458,22146.923737091336,22126.01875328754,861
2025-12-18 18:20:00,22101.724991740553,22129.22562474634,22129.646811756174,22096.627265008327,695
2025-12-18 18:30:00,22091.423759601617,22101.724991740553,22107.366703345157,22086.992000614562,586
2025-12-18 18:40:00,22071.48456120531,22091.423759601617,22091.803016705526,22060.534402500754,482
2025-12-18 18:50:00,22064.550648255143,22071.48456120531,22078.132253594817,22051.647982124192,505
2025-12-18 19:00:00,22047.403913737173,22064.550648255143,22067.135320535483,22039.530267052643,487
2025-12-18 19:10:00,22032.24361702896,22047.403913737173,22054.741735399355,22028.11534233825,624
2025-12-18 19:20:00,22015.882495799007,22032.24361702896,22041.476769732137,22012.09872582185,656
2025-12-18 19:30:00,21995.386708751787,22015.882495799007,22019.799821540735,21989.97241907597,738
2025-12-18 19:40:00,22000.166763601443,21995.386708751787,22006.39384776267,21994.363238486832,725
2025-12-18 19:50:00,21981.199981079124,22000.166763601443,22003.514600014358,21979.27863999536,375
2025-12-18 20:00:00,21974.392627652094,21981.199981079124,21985.10128646117,21968.06098696144,599
2025-12-18 20:10:00,21950.658395978644,21974.392627652094,21979.42605234124,21943.529472107126,816
2025-12-18 20:20:00,21938.6665663845,21950.658395978644,21959.4552845854,21934.772954194534,436
2025-12-18 20:30:00,21927.550969707827,21938.6665663845,21942.230864658453,21919.67778674684,580
2025-12-18 20:40:00,21912.43926506798,21927.550969707827,21935.662111574045,21905.21749246367,996
2025-12-18 20:50:00,21892.987190769498,21912.43926506798,21914.58272864776,21886.719225572993,372
2025-12-18 21:00:00,21876.036784705077,21892.987190769498,21898.31560258164,21867.879197881026,157
2025-12-18 21:10:00,21858.01278087806,21876.036784705077,21879.318168436464,21858.01261175151,427
2025-12-18 21:20:00,21862.483365231616,21858.01278087806,21869.554075632757,21855.33767572829,830
2025-12-18 21:30:00,21847.61487457879,21862.483365231616,21865.288825019925,21845.684461112745,208
2025-12-18 21:40:00,21837.190153705233,21847.61487457879,21849.525070566073,21834.437248118098,378
2025-12-18 21:50:00,21836.889007497626,21837.190153705233,21845.84227441449,21829.427341240607,785
2025-12-18 22:00:00,21815.3998168594,21836.889007497626,21841.13381545165,21806.998946443822,427
2025-12-18 22:10:00,21801.303754330365,21815.3998168594,21817.212925393902,21799.898604487607,875
2025-12-18 22:20:00,21784.839976528383,21801.303754330365,21808.894544308107,21778.101046840417,414
2025-12-18 22:30:00,21769.93335978653,21784.839976528383,21788.459186323635,21768.339742467626,573
2025-12-18 22:40:00,21754.38222125626,21769.93335978653,21779.312555411645,21754.221913603415,210
2025-12-18 22:50:00,21734.5122755914,21754.38222125626,21757.586943450227,21728.826546008848,798
2025-12-18 23:00:00,21722.170348489806,21734.5122755914,21744.918770016695,21716.02104785359,880
2025-12-18 23:10:00,21699.879358385508,21722.170348489806,21728.611262448845,21696.58750948595,328
2025-12-18 23:20:00,21694.1212896829,21699.879358385508,21706.584799061333,21688.80536172026,596
2025-12-18 23:30:00,21685.564902288934,21694.1212896829,21694.355896061646,21678.186097728456,255
2025-12-18 23:40:00,21668.206015630465,21685.564902288934,21693.476082458474,21660.795920484,572
2025-12-18 23:50:00,21651.372010946405,21668.206015630465,21673.30599940746,21649.240541595853,800
2025-12-19 00:00:00,21640.444312824864,21651.372010946405,21653.29956214026,21634.97315200866,371
2025-12-19 00:10:00,21621.071775710392,21640.444312824864,21648.690139004088,21613.085178303143,986
2025-12-19 00:20:00,21622.73624364127,21621.071775710392,21630.18446217145,21616.29440864604,101
2025-12-19 00:30:00,21612.926210314166,21622.73624364127,21630.998636163364,21605.1537248426,857
2025-12-19 00:40:00,21603.561879480843,21612.926210314166,21616.658309632003,21596.532085430998,821
2025-12-19 00:50:00,21596.67101119917,21603.561879480843,21606.954002044615,21590.05093850432,610
2025-12-19 01:00:00,21579.86582000895,21596.67101119917,21597.773661266267,21578.532455434968,385
2025-12-19 01:10:00,21576.586226424173,21579.86582000895,21588.04044114978,21568.77354605756,970
2025-12-19 01:20:00,21565.69342798294,21576.586226424173,21583.4870610459,21560.42952151978,112
2025-12-19 01:30:00,21561.672857916772,21565.69342798294,21567.867251276013,21556.89748573139,707
2025-12-19 01:40:00,21548.65947914544,21561.672857916772,21568.03540741834,21545.26367888812,597
2025-12-19 01:50:00,21547.96450302499,21548.65947914544,21551.521996567015,21538.631241860527,832
2025-12-19 02:00:00,21540.143095062365,21547.96450302499,21552.783636050815,21533.778709553437,337
2025-12-19 02:10:00,21546.776451948142,21540.143095062365,21554.098846333,21538.147406291882,193
2025-12-19 02:20:00,21533.203367912476,21546.776451948142,21552.356074216284,21524.244434429045,437
2025-12-19 02:30:00,21524.436886809548,21533.203367912476,21543.661037462374,21519.317077617903,880
2025-12-19 02:40:00,21505.999596404166,21524.436886809548,21528.723056167506,21500.192524199752,270
2025-12-19 02:50:00,21491.802799650995,21505.999596404166,21511.73050754525,21482.6425254526,705
2025-12-19 03:00:00,21487.016135590107,21491.802799650995,21493.813624583494,21482.855754848606,760
2025-12-19 03:10:00,21486.54472338864,21487.016135590107,21488.66471160948,21484.581008046032,723
2025-12-19 03:20:00,21500.99274951885,21486.54472338864,21507.122471564267,21479.11514986373,666
2025-12-19 03:30:00,21491.18532129958,21500.99274951885,21504.04457443762,21483.869036932654,948
2025-12-19 03:40:00,21474.926490427737,21491.18532129958,21499.520057270976,21464.122372432437,566
2025-12-19 03:50:00,21472.404763387887,21474.926490427737,21480.13573097426,21469.32405697022,727
2025-12-19 04:00:00,21455.08202220809,21472.404763387887,21474.39734759307,21453.38740180185,242
2025-12-19 04:10:00,21451.5476475423,21455.08202220809,21463.8313643123,21451.092933571166,300
2025-12-19 04:20:00,21439.735757018712,21451.5476475423,21460.20089299925,21437.341080106467,279
2025-12-19 04:30:00,21433.8925383977,21439.735757018712,21442.680138425134,21429.34720476273,813
2025-12-19 04:40:00,21435.345809531813,21433.8925383977,21438.234845883115,21426.096599132823,463
2025-12-19 04:50:00,21427.448635058892,21435.345809531813,21445.785841387762,21424.420931531553,578
2025-12-19 05:00:00,21428.166955765504,21427.448635058892,21431.87024224801,21422.938597480745,664
2025-12-19 05:10:00,21428.676805053557,21428.166955765504,21435.299975344034,21423.627408602373,570
2025-12-19 05:20:00,21407.5586166746,21428.676805053557,21437.838577286715,21399.118744924916,483
2025-12-19 05:30:00,21394.416638834,21407.5586166746,21409.002229613816,21387.853734337277,791
2025-12-19 05:40:00,21376.269747940387,21394.416638834,21403.97765654593,21372.75409077769,516
2025-12-19 05:50:00,21386.910205527074,21376.269747940387,21391.027410911694,21372.853858933944,924
2025-12-19 06:00:00,21380.974776962972,21386.910205527074,21390.388978680505,21380.96942230724,407
2025-12-19 06:10:00,21390.412300428416,21380.974776962972,21391.427355574022,21375.74235580676,748
2025-12-19 06:20:00,21372.82467844808,21390.412300428416,21399.953094352375,21369.664760885633,793
2025-12-19 06:30:00,21364.005443359158,21372.82467844808,21375.896406539236,21353.900880147896,466
2025-12-19 06:40:00,21366.4609524228,21364.005443359158,21368.136180037352,21363.989172847276,100
2025-12-19 06:50:00,21364.236862547878,21366.4609524228,21368.975406114387,21361.22521598426,143
2025-12-19 07:00:00,21365.13310840611,21364.236862547878,21365.375467660193,21359.6209876667,838
2025-12-19 07:10:00,21352.02900928597,21365.13310840611,21372.978447455695,21350.886873607113,942
2025-12-19 07:20:00,21360.26403342601,21352.02900928597,21365.526768082873,21345.84120225909,197
2025-12-19 07:30:00,21363.996099560343,21360.26403342601,21368.74594673452,21354.706955656788,819
2025-12-19 07:40:00,21365.02137573575,21363.996099560343,21370.613357523533,21361.4342834311,364
2025-12-19 07:50:00,21357.645975443746,21365.02137573575,21374.517123451784,21348.902704941516,899
2025-12-19 08:00:00,21358.64382442843,21357.645975443746,21367.21355862015,21349.604948222113,882
2025-12-19 08:10:00,21355.017955567087,21358.64382442843,21358.91888602013,21347.23976843365,239
2025-12-19 08:20:00,21340.819197426517,21355.017955567087,21361.984759849736,21340.428768271348,580
2025-12-19 08:30:00,21339.720504639725,21340.819197426517,21345.174466361066,21333.89012429175,336
2025-12-19 08:40:00,21338.07114808289,21339.720504639725,21349.7134559341,21330.896976509208,171
2025-12-19 08:50:00,21346.474801592878,21338.07114808289,21348.881104411044,21327.984982707534,766
2025-12-19 09:00:00,21328.803824509545,21346.474801592878,21351.60614088102,21324.571347920253,289
2025-12-19 09:10:00,21331.189768848697,21328.803824509545,21335.20841425893,21328.674490223613,367
2025-12-19 09:20:00,21322.749279693748,21331.189768848697,21335.860460337248,21316.25682392183,420
2025-12-19 09:30:00,21326.406509571414,21322.749279693748,21330.250359588837,21316.487922262004,206
2025-12-19 09:40:00,21330.8031397038,21326.406509571414,21333.209966491057,21321.829293314247,331
2025-12-19 09:50:00,21331.80915678501,21330.8031397038,21337.758777764837,21325.23415707261,141
2025-12-19 10:00:00,21340.2659824048,21331.80915678501,21340.44958713564,21328.126174637622,801
2025-12-19 10:10:00,21332.595240510742,21340.2659824048,21350.298371195735,21329.072578733732,982
2025-12-19 10:20:00,21344.048378525153,21332.595240510742,21349.095801157488,21327.85550776239,238
2025-12-19 10:30:00,21341.270073325955,21344.048378525153,21353.753097801913,21332.398968959373,714
2025-12-19 10:40:00,21332.003006678788,21341.270073325955,21348.692666325413,21329.922733618907,782
2025-12-19 10:50:00,21333.29648629131,21332.003006678788,21339.374035438886,21325.29918144956,962
2025-12-19 11:00:00,21320.299009293514,21333.29648629131,21336.20067178452,21317.910560611057,372
2025-12-19 11:10:00,21326.385813959165,21320.299009293514,21336.500856400788,21316.201419230165,580
2025-12-19 11:20:00,21328.653232978868,21326.385813959165,21338.4981634356,21318.39453269268,515
2025-12-19 11:30:00,21343.150423431744,21328.653232978868,21349.37405377887,21322.295638669788,605
2025-12-19 11:40:00,21353.253933702865,21343.150423431744,21354.052675021874,21337.53009909224,832
2025-12-19 11:50:00,21347.31253631648,21353.253933702865,21362.50499494181,21340.268517806922,824
2025-12-19 12:00:00,21346.08038866265,21347.31253631648,21352.775546377674,21335.9445770752,952
2025-12-19 12:10:00,21355.99884535811,21346.08038866265,21360.44372319013,21342.939055687715,523
2025-12-19 12:20:00,21368.804506645432,21355.99884535811,21374.266002393666,21348.699443253776,506
2025-12-19 12:30:00,21384.88701951693,21368.804506645432,21385.040401804355,21362.94990071496,667
2025-12-19 12:40:00,21401.17655477854,21384.88701951693,21408.607589825147,21380.69594439282,489
2025-12-19 12:50:00,21407.302161005744,21401.17655477854,21415.62305530465,21394.252994791306,441
2025-12-19 13:00:00,21417.310782599343,21407.302161005744,21428.734931954878,21404.55396969849,713
2025-12-19 13:10:00,21435.070813897,21417.310782599343,21442.562943448487,21415.362754322734,592
2025-12-19 13:20:00,21440.274268167097,21435.070813897,21440.428168813265,21433.964221368547,291
2025-12-19 13:30:00,21451.198746460625,21440.274268167097,21457.813718527814,21434.721524425266,598
2025-12-19 13:40:00,21456.723961291253,21451.198746460625,21460.286808119166,21450.878233458774,921
2025-12-19 13:50:00,21460.706973717763,21456.723961291253,21463.635813839348,21451.711682268226,811
2025-12-19 14:00:00,21469.731632153384,21460.706973717763,21477.111140253764,21455.756580968504,332
2025-12-19 14:10:00,21473.112387263274,21469.731632153384,21478.86856829139,21465.860029296306,326
2025-12-19 14:20:00,21481.18613511032,21473.112387263274,21491.4338077179,21471.167136196258,470
2025-12-19 14:30:00,21482.26389642323,21481.18613511032,21485.166181771372,21477.663209332302,238
2025-12-19 14:40:00,21490.333923319566,21482.26389642323,21496.962036513494,21480.38047579259,955
2025-12-19 14:50:00,21503.739773561985,21490.333923319566,21509.14692933363,21484.839192889285,916
2025-12-19 15:00:00,21509.07321170528,21503.739773561985,21511.99013779308,21497.749835179115,248
2025-12-19 15:10:00,21519.411893413268,21509.07321170528,21521.388451717055,21507.424434132663,214
2025-12-19 15:20:00,21531.007677502555,21519.411893413268,21536.30649477212,21519.3911601697,549
2025-12-19 15:30:00,21545.32150335243,21531.007677502555,21546.75591146008,21524.409177600166,162
2025-12-19 15:40:00,21555.154637436168,21545.32150335243,21563.30154726394,21541.721912708505,203
2025-12-19 15:50:00,21574.947206520395,21555.154637436168,21577.942994564102,21547.138031758244,950
2025-12-19 16:00:00,21569.444917405905,21574.947206520395,21576.510591866398,21568.535035280067,970
2025-12-19 16:10:00,21604.446903514236,21569.444917405905,21611.56981278536,21564.41780284637,767
2025-12-19 16:20:00,21609.168098454782,21604.446903514236,21617.36272867265,21603.026105877903,372
2025-12-19 16:30:00,21624.271109466168,21609.168098454782,21625.06908749281,21604.12510227525,105
2025-12-19 16:40:00,21628.820132582794,21624.271109466168,21635.073153678244,21616.7301182031,246
2025-12-19 16:50:00,21646.20709728506,21628.820132582794,21651.731550591485,21623.326167116717,283
2025-12-19 17:00:00,21660.82362999526,21646.20709728506,21664.655425366167,21636.434382570347,127
2025-12-19 17:10:00,21668.18809982277,21660.82362999526,21669.87902945636,21654.74656953759,649
2025-12-19 17:20:00,21689.50414744551,21668.18809982277,21691.540720941746,21661.583764185358,218
2025-12-19 17:30:00,21701.079887631542,21689.50414744551,21702.96883492338,21682.272700350008,392
2025-12-19 17:40:00,21718.495965923175,21701.079887631542,21723.83228076365,21690.845970111764,470
2025-12-19 17:50:00,21724.342746666644,21718.495965923175,21728.49968772483,21712.22106757443,343
2025-12-19 18:00:00,21737.420139717076,21724.342746666644,21740.081170875696,21720.206425685967,679
2025-12-19 18:10:00,21766.90699731951,21737.420139717076,21772.224245757843,21737.00179948449,825
2025-12-19 18:20:00,21788.20004268705,21766.90699731951,21788.947170884498,21760.107419420005,317
2025-12-19 18:30:00,21804.374615987665,21788.20004268705,21808.93635552307,21784.978822286193,276
2025-12-19 18:40:00,21814.615657486116,21804.374615987665,21817.404698944865,21801.470082374835,398
2025-12-19 18:50:00,21829.101321975955,21814.615657486116,21834.43897412098,21808.280549893767,775
2025-12-19 19:00:00,21844.735216099136,21829.101321975955,21846.01153778801,21819.862819805647,157
2025-12-19 19:10:00,21862.484478620157,21844.735216099136,21871.509580908983,21842.743251808493,368
2025-12-19 19:20:00,21868.12303645098,21862.484478620157,21876.380816539946,21854.318822066165,407
2025-12-19 19:30:00,21887.8128483426,21868.12303645098,21892.81418482516,21867.014542316632,669
2025-12-19 19:40:00,21893.52362124012,21887.8128483426,21901.569305515117,21883.536541541493,387
2025-12-19 19:50:00,21921.07934440734,21893.52362124012,21927.725980938794,21881.866017424236,204
2025-12-19 20:00:00,21929.48643034893,21921.07934440734,21935.2419406008,21918.829998482495,327
2025-12-19 20:10:00,21946.50713374862,21929.48643034893,21950.49994076386,21926.854766429653,346
2025-12-19 20:20:00,21969.257656623042,21946.50713374862,21975.558125775387,21943.92533642487,799
2025-12-19 20:30:00,21982.003820452646,21969.257656623042,21985.585266185597,21968.110947746263,593
2025-12-19 20:40:00,21999.54374078709,21982.003820452646,22004.14747977053,21976.47355607274,182
2025-12-19 20:50:00,22025.88430351603,21999.54374078709,22028.938667657385,21993.765020102648,285
2025-12-19 21:00:00,22045.296684462366,22025.88430351603,22050.159583769077,22023.1792793623,351
2025-12-19 21:10:00,22063.070334586522,22045.296684462366,22074.15622135933,22037.42125487955,454
2025-12-19 21:20:00,22064.54741305931,22063.070334586522,22066.258205600858,22055.55562394781,849
2025-12-19 21:30:00,22072.053131268087,22064.54741305931,22080.786625496152,22059.151350291457,971
2025-12-19 21:40:00,22095.418133120507,22072.053131268087,22101.50245923135,22066.03809126732,795
2025-12-19 21:50:00,22114.975525338505,22095.418133120507,22116.232972915273,22090.978741911058,895
2025-12-19 22:00:00,22135.74719533216,22114.975525338505,22140.030456806206,22105.685058428826,996
2025-12-19 22:10:00,22155.82646084543,22135.74719533216,22161.827644436114,22131.64002821851,309
2025-12-19 22:20:00,22181.130755144088,22155.82646084543,22185.860380921116,22147.75630410055,915
2025-12-19 22:30:00,22194.00995553519,22181.130755144088,22198.456201545454,22178.225341743364,907
2025-12-19 22:40:00,22209.922524755028,22194.00995553519,22214.095418176265,22186.187867103723,708
2025-12-19 22:50:00,22216.613890169785,22209.922524755028,22223.102384886577,22204.78972083498,546
2025-12-19 23:00:00,22221.276692007257,22216.613890169785,22226.851309905593,22213.293117590572,559
2025-12-19 23:10:00,22222.97401661818,22221.276692007257,22227.392168416853,22218.26660497258,571
2025-12-19 23:20:00,22230.6942880903,22222.97401661818,22234.809950237403,22213.9354818273,819
2025-12-19 23:30:00,22257.864770772394,22230.6942880903,22259.631155338262,22227.76044108957,469
2025-12-19 23:40:00,22260.1354512835,22257.864770772394,22261.37255469469,22257.277497043957,999
2025-12-19 23:50:00,22272.33629254505,22260.1354512835,22276.775976802463,22256.9882788289,591
